{"cameraMode":{"drawMode":0,"name":"Shaded","section":"Shading Mode"},"sceneLighting":true,"audioPlay":false,"sceneViewState":{"showFog":true,"showMaterialUpdate":false,"showSkybox":false,"showFlares":true,"showImageEffects":true,"showParticleSystems":true,"showVisualEffectGraphs":true,"m_FxEnabled":true},"in2DMode":false,"pivot":{"x":17.597108840942384,"y":0.2919349670410156,"z":7.049344062805176},"rotation":{"x":-0.002785677555948496,"y":0.9817513227462769,"z":-0.18963468074798585,"w":-0.014432305470108986},"size":7.251682758331299,"orthographic":false}