{"cameraMode":{"drawMode":0,"name":"Shaded","section":"Shading Mode"},"sceneLighting":true,"audioPlay":false,"sceneViewState":{"showFog":true,"showMaterialUpdate":false,"showSkybox":false,"showFlares":true,"showImageEffects":true,"showParticleSystems":true,"showVisualEffectGraphs":true,"m_FxEnabled":true},"in2DMode":false,"pivot":{"x":10.38990592956543,"y":0.26654520630836489,"z":1.879805088043213},"rotation":{"x":-0.24177078902721406,"y":-0.06891511380672455,"z":0.017205076292157174,"w":-0.9677701592445374},"size":1.2750438451766968,"orthographic":false}